seed, type, density, mode, subchromatique, idnoeud, score
1710090416, QUBG, 0.1, GCA, 0, 0, 0.537933
1710090416, QUBG, 0.1, GCA, 0, 1, 0.335186
1710090416, QUBG, 0.1, GCA, 0, 2, 0.55365
1710090416, QUBG, 0.1, GCA, 0, 3, 1
1710090416, QUBG, 0.1, GCA, 0, 4, 0.196133
1710090416, QUBG, 0.1, GCA, 0, 5, 0.315586
1710090416, QUBG, 0.1, GCA, 0, 6, 1
1710090416, QUBG, 0.1, GCA, 0, 7, 0
1710090416, QUBG, 0.1, GCA, 0, 8, 0.558307
1710090416, QUBG, 0.1, GCA, 0, 9, 0
1710090416, QUBG, 0.1, GCA, 0, 10, 1
1710090416, QUBG, 0.1, GCA, 0, 11, 0.301989
1710090416, QUBG, 0.1, GCA, 0, 12, 0.446725
1710090416, QUBG, 0.1, GCA, 0, 13, 1
1710090416, QUBG, 0.1, GCA, 0, 14, 0
1710090416, QUBG, 0.1, GCA, 0, 15, 0
1710090416, QUBG, 0.1, GCA, 0, 16, 0.345434
1710090416, QUBG, 0.1, GCA, 0, 17, 1
1710090416, QUBG, 0.1, GCA, 0, 18, 1
1710090416, QUBG, 0.1, GCA, 0, 19, 1
1710090416, QUBG, 0.1, GCA, 0, 20, 0.389743
1710090416, QUBG, 0.1, GCA, 0, 21, 0.37023
1710090416, QUBG, 0.1, GCA, 0, 22, 0.516346
1710090416, QUBG, 0.1, GCA, 0, 23, 0.387589
1710090416, QUBG, 0.1, GCA, 0, 24, 1
1710090416, QUBG, 0.1, GCA, 0, 25, 0.374581
1710090416, QUBG, 0.1, GCA, 0, 26, 0
1710090416, QUBG, 0.1, GCA, 0, 27, 0.462663
1710090416, QUBG, 0.1, GCA, 0, 28, 0
1710090416, QUBG, 0.1, GCA, 0, 29, 1
1710090416, QUBG, 0.1, GCA, 0, 30, 0.4854
1710090416, QUBG, 0.1, GCA, 0, 31, 1
1710090416, QUBG, 0.1, GCA, 0, 32, 0.782979
1710090416, QUBG, 0.1, GCA, 0, 33, 0.734339
1710090416, QUBG, 0.1, GCA, 0, 34, 0.515481
1710090416, QUBG, 0.1, GCA, 0, 35, 0.309246
1710090416, QUBG, 0.1, GCA, 0, 36, 0
1710090416, QUBG, 0.1, GCA, 0, 37, 0
1710090416, QUBG, 0.1, GCA, 0, 38, 1
1710090416, QUBG, 0.1, GCA, 0, 39, 0
1710090416, QUBG, 0.1, GCA, 0, 40, 1
1710090416, QUBG, 0.1, GCA, 0, 41, 1
1710090416, QUBG, 0.1, GCA, 0, 42, 1
1710090416, QUBG, 0.1, GCA, 0, 43, 0
1710090416, QUBG, 0.1, GCA, 0, 44, 1
1710090416, QUBG, 0.1, GCA, 0, 45, 0.511502
1710090416, QUBG, 0.1, GCA, 0, 46, 0.45908
1710090416, QUBG, 0.1, GCA, 0, 47, 0.494018
1710090416, QUBG, 0.1, GCA, 0, 48, 0.542474
1710090416, QUBG, 0.1, GCA, 0, 49, 1
1710090416, QUBG, 0.1, GCA, 0, 50, 0.319688
1710090416, QUBG, 0.1, GCA, 0, 51, 0.313748
1710090416, QUBG, 0.1, GCA, 0, 52, 0.30619
1710090416, QUBG, 0.1, GCA, 0, 53, 0.21874
1710090416, QUBG, 0.1, GCA, 0, 54, 1
1710090416, QUBG, 0.1, GCA, 0, 55, 0
1710090416, QUBG, 0.1, GCA, 0, 56, 1
1710090416, QUBG, 0.1, GCA, 0, 57, 0.515895
1710090416, QUBG, 0.1, GCA, 0, 58, 1
1710090416, QUBG, 0.1, GCA, 0, 59, 0.34491
1710090416, QUBG, 0.1, GCA, 0, 60, 0.530661
1710090416, QUBG, 0.1, GCA, 0, 61, 1
1710090416, QUBG, 0.1, GCA, 0, 62, 1
1710090416, QUBG, 0.1, GCA, 0, 63, 0.486898
1710090416, QUBG, 0.1, GCA, 0, 64, 0.743319
1710090416, QUBG, 0.1, GCA, 0, 65, 0.527501
1710090416, QUBG, 0.1, GCA, 0, 66, 0.573054
1710090416, QUBG, 0.1, GCA, 0, 67, 1
1710090416, QUBG, 0.1, GCA, 0, 68, 0.3707
1710090416, QUBG, 0.1, GCA, 0, 69, 0.015456
1710090416, QUBG, 0.1, GCA, 0, 70, 0
1710090416, QUBG, 0.1, GCA, 0, 71, 0.472056
1710090416, QUBG, 0.1, GCA, 0, 72, 0.536022
1710090416, QUBG, 0.1, GCA, 0, 73, 0.546737
1710090416, QUBG, 0.1, GCA, 0, 74, 0.464809
1710090416, QUBG, 0.1, GCA, 0, 75, 0.331134
1710090416, QUBG, 0.1, GCA, 0, 76, 0.223282
1710090416, QUBG, 0.1, GCA, 0, 77, 0.587333
1710090416, QUBG, 0.1, GCA, 0, 78, 0.490825
1710090416, QUBG, 0.1, GCA, 0, 79, 0.675183
1710090416, QUBG, 0.1, GCA, 0, 80, 0.68126
1710090416, QUBG, 0.1, GCA, 0, 81, 1
1710090416, QUBG, 0.1, GCA, 0, 82, 0.54092
1710090416, QUBG, 0.1, GCA, 0, 83, 1
1710090416, QUBG, 0.1, GCA, 0, 84, 0.499824
1710090416, QUBG, 0.1, GCA, 0, 85, 1
1710090416, QUBG, 0.1, GCA, 0, 86, 0.40411
1710090416, QUBG, 0.1, GCA, 0, 87, 0
1710090416, QUBG, 0.1, GCA, 0, 88, 1
1710090416, QUBG, 0.1, GCA, 0, 89, 0.467035
1710090416, QUBG, 0.1, GCA, 0, 90, 0
1710090416, QUBG, 0.1, GCA, 0, 91, 1
1710090416, QUBG, 0.1, GCA, 0, 92, 0.354412
1710090416, QUBG, 0.1, GCA, 0, 93, 1
1710090416, QUBG, 0.1, GCA, 0, 94, 0
1710090416, QUBG, 0.1, GCA, 0, 95, 1
1710090416, QUBG, 0.1, GCA, 0, 96, 0.510093
1710090416, QUBG, 0.1, GCA, 0, 97, 0.322484
1710090416, QUBG, 0.1, GCA, 0, 98, 0.484576
1710090416, QUBG, 0.1, GCA, 0, 99, 0
1710090416, QUBG, 0.1, GCA, 0, 100, 1
1710090416, QUBG, 0.1, GCA, 0, 101, 1
1710090416, QUBG, 0.1, GCA, 0, 102, 0.365561
1710090416, QUBG, 0.1, GCA, 0, 103, 1
1710090416, QUBG, 0.1, GCA, 0, 104, 0.481383
1710090416, QUBG, 0.1, GCA, 0, 105, 1
1710090416, QUBG, 0.1, GCA, 0, 106, 0.136965
1710090416, QUBG, 0.1, GCA, 0, 107, 0.305217
1710090416, QUBG, 0.1, GCA, 0, 108, 0.511825
1710090416, QUBG, 0.1, GCA, 0, 109, 0.518618
1710090416, QUBG, 0.1, GCA, 0, 110, 1
1710090416, QUBG, 0.1, GCA, 0, 111, 0.470379
1710090416, QUBG, 0.1, GCA, 0, 112, 1
1710090416, QUBG, 0.1, GCA, 0, 113, 1
1710090416, QUBG, 0.1, GCA, 0, 114, 1
1710090416, QUBG, 0.1, GCA, 0, 115, 0.31874
1710090416, QUBG, 0.1, GCA, 0, 116, 1
1710090416, QUBG, 0.1, GCA, 0, 117, 0.391632
1710090416, QUBG, 0.1, GCA, 0, 118, 1
1710090416, QUBG, 0.1, GCA, 0, 119, 0.276329
1710090416, QUBG, 0.1, GCA, 0, 120, 0.528497
1710090416, QUBG, 0.1, GCA, 0, 121, 0.518519
1710090416, QUBG, 0.1, GCA, 0, 122, 0.562074
1710090416, QUBG, 0.1, GCA, 0, 123, 0.612962
1710090416, QUBG, 0.1, GCA, 0, 124, 1
1710090416, QUBG, 0.1, GCA, 0, 125, 1
1710090416, QUBG, 0.1, GCA, 0, 126, 0.511723
1710090416, QUBG, 0.1, GCA, 0, 127, 0.401263
1710090416, QUBG, 0.1, GCA, 0, 128, 0.503542
1710090416, QUBG, 0.1, GCA, 0, 129, 0.474002
1710090416, QUBG, 0.1, GCA, 0, 130, 0
1710090416, QUBG, 0.1, GCA, 0, 131, 1
1710090416, QUBG, 0.1, GCA, 0, 132, 1
1710090416, QUBG, 0.1, GCA, 0, 133, 1
1710090416, QUBG, 0.1, GCA, 0, 134, 0.303812
1710090416, QUBG, 0.1, GCA, 0, 135, 0.498231
1710090416, QUBG, 0.1, GCA, 0, 136, 1
1710090416, QUBG, 0.1, GCA, 0, 137, 1
1710090416, QUBG, 0.1, GCA, 0, 138, 0.477295
1710090416, QUBG, 0.1, GCA, 0, 139, 0.34532
1710090416, QUBG, 0.1, GCA, 0, 140, 0
1710090416, QUBG, 0.1, GCA, 0, 141, 0.463978
1710090416, QUBG, 0.1, GCA, 0, 142, 0.514658
1710090416, QUBG, 0.1, GCA, 0, 143, 1
1710090416, QUBG, 0.1, GCA, 0, 144, 0
1710090416, QUBG, 0.1, GCA, 0, 145, 0.478698
1710090416, QUBG, 0.1, GCA, 0, 146, 0.473037
1710090416, QUBG, 0.1, GCA, 0, 147, 0.233379
1710090416, QUBG, 0.1, GCA, 0, 148, 0.405237
1710090416, QUBG, 0.1, GCA, 0, 149, 1
1710090416, QUBG, 0.1, GCA, 0, 150, 1
1710090416, QUBG, 0.1, GCA, 0, 151, 0
1710090416, QUBG, 0.1, GCA, 0, 152, 0
1710090416, QUBG, 0.1, GCA, 0, 153, 1
1710090416, QUBG, 0.1, GCA, 0, 154, 0.295899
1710090416, QUBG, 0.1, GCA, 0, 155, 0.316446
1710090416, QUBG, 0.1, GCA, 0, 156, 0.535795
1710090416, QUBG, 0.1, GCA, 0, 157, 0.339506
1710090416, QUBG, 0.1, GCA, 0, 158, 1
1710090416, QUBG, 0.1, GCA, 0, 159, 0.421516
1710090416, QUBG, 0.1, GCA, 0, 160, 0.517696
1710090416, QUBG, 0.1, GCA, 0, 161, 1
1710090416, QUBG, 0.1, GCA, 0, 162, 0.547857
1710090416, QUBG, 0.1, GCA, 0, 163, 0
1710090416, QUBG, 0.1, GCA, 0, 164, 0
1710090416, QUBG, 0.1, GCA, 0, 165, 1
1710090416, QUBG, 0.1, GCA, 0, 166, 0.484105
1710090416, QUBG, 0.1, GCA, 0, 167, 0.517874
1710090416, QUBG, 0.1, GCA, 0, 168, 1
1710090416, QUBG, 0.1, GCA, 0, 169, 1
1710090416, QUBG, 0.1, GCA, 0, 170, 0
1710090416, QUBG, 0.1, GCA, 0, 171, 1
1710090416, QUBG, 0.1, GCA, 0, 172, 0.538116
1710090416, QUBG, 0.1, GCA, 0, 173, 0
1710090416, QUBG, 0.1, GCA, 0, 174, 0.18595
1710090416, QUBG, 0.1, GCA, 0, 175, 1
1710090416, QUBG, 0.1, GCA, 0, 176, 1
1710090416, QUBG, 0.1, GCA, 0, 177, 1
1710090416, QUBG, 0.1, GCA, 0, 178, 1
1710090416, QUBG, 0.1, GCA, 0, 179, 1
1710090416, QUBG, 0.1, GCA, 0, 180, 0.474909
1710090416, QUBG, 0.1, GCA, 0, 181, 0.553275
1710090416, QUBG, 0.1, GCA, 0, 182, 0.598737
1710090416, QUBG, 0.1, GCA, 0, 183, 0.209651
1710090416, QUBG, 0.1, GCA, 0, 184, 0.489157
1710090416, QUBG, 0.1, GCA, 0, 185, 0.274809
1710090416, QUBG, 0.1, GCA, 0, 186, 0.457526
1710090416, QUBG, 0.1, GCA, 0, 187, 0.373143
1710090416, QUBG, 0.1, GCA, 0, 188, 0.250069
1710090416, QUBG, 0.1, GCA, 0, 189, 0.189595
1710090416, QUBG, 0.1, GCA, 0, 190, 0.510844
1710090416, QUBG, 0.1, GCA, 0, 191, 1
1710090416, QUBG, 0.1, GCA, 0, 192, 1
1710090416, QUBG, 0.1, GCA, 0, 193, 1
1710090416, QUBG, 0.1, GCA, 0, 194, 0.749931
1710090416, QUBG, 0.1, GCA, 0, 195, 0.501589
1710090416, QUBG, 0.1, GCA, 0, 196, 0.625419
1710090416, QUBG, 0.1, GCA, 0, 197, 0.173864
1710090416, QUBG, 0.1, GCA, 0, 198, 0.645239
1710090416, QUBG, 0.1, GCA, 0, 199, 1
1710090416, QUBG, 0.1, GCA, 0, 200, 1
1710090416, QUBG, 0.1, GCA, 0, 201, 0.876663
1710090416, QUBG, 0.1, GCA, 0, 202, 0.507245
1710090416, QUBG, 0.1, GCA, 0, 203, 1
1710090416, QUBG, 0.1, GCA, 0, 204, 0.532965
1710090416, QUBG, 0.1, GCA, 0, 205, 0.959918
1710090416, QUBG, 0.1, GCA, 0, 206, 0.352533
1710090416, QUBG, 0.1, GCA, 0, 207, 0
1710090416, QUBG, 0.1, GCA, 0, 208, 0.482126
1710090416, QUBG, 0.1, GCA, 0, 209, 0.376864
1710090416, QUBG, 0.1, GCA, 0, 210, 1
1710090416, QUBG, 0.1, GCA, 0, 211, 0.507281
1710090416, QUBG, 0.1, GCA, 0, 212, 1
1710090416, QUBG, 0.1, GCA, 0, 213, 0.523872
1710090416, QUBG, 0.1, GCA, 0, 214, 0.559377
1710090416, QUBG, 0.1, GCA, 0, 215, 0.217021
1710090416, QUBG, 0.1, GCA, 0, 216, 0.294719
1710090416, QUBG, 0.1, GCA, 0, 217, 0.209424
1710090416, QUBG, 0.1, GCA, 0, 218, 0.352825
1710090416, QUBG, 0.1, GCA, 0, 219, 0
1710090416, QUBG, 0.1, GCA, 0, 220, 0.47797
1710090416, QUBG, 0.1, GCA, 0, 221, 1
1710090416, QUBG, 0.1, GCA, 0, 222, 0.317817
1710090416, QUBG, 0.1, GCA, 0, 223, 0
1710090416, QUBG, 0.1, GCA, 0, 224, 0.44422
1710090416, QUBG, 0.1, GCA, 0, 225, 0.472499
1710090416, QUBG, 0.1, GCA, 0, 226, 0.483654
1710090416, QUBG, 0.1, GCA, 0, 227, 0.318052
1710090416, QUBG, 0.1, GCA, 0, 228, 0.325308
1710090416, QUBG, 0.1, GCA, 0, 229, 0.513493
1710090416, QUBG, 0.1, GCA, 0, 230, 1
1710090416, QUBG, 0.1, GCA, 0, 231, 0.632733
1710090416, QUBG, 0.1, GCA, 0, 232, 0.521302
1710090416, QUBG, 0.1, GCA, 0, 233, 0
1710090416, QUBG, 0.1, GCA, 0, 234, 1
1710090416, QUBG, 0.1, GCA, 0, 235, 0.244038
1710090416, QUBG, 0.1, GCA, 0, 236, 1
1710090416, QUBG, 0.1, GCA, 0, 237, 0.430951
1710090416, QUBG, 0.1, GCA, 0, 238, 1
1710090416, QUBG, 0.1, GCA, 0, 239, 0.353123
1710090416, QUBG, 0.1, GCA, 0, 240, 0.273195
1710090416, QUBG, 0.1, GCA, 0, 241, 1
1710090416, QUBG, 0.1, GCA, 0, 242, 0
1710090416, QUBG, 0.1, GCA, 0, 243, 0.271033
1710090416, QUBG, 0.1, GCA, 0, 244, 1
1710090416, QUBG, 0.1, GCA, 0, 245, 0.608368
1710090416, QUBG, 0.1, GCA, 0, 246, 0.722297
1710090416, QUBG, 0.1, GCA, 0, 247, 0.507941
1710090416, QUBG, 0.1, GCA, 0, 248, 0
1710090416, QUBG, 0.1, GCA, 0, 249, 0.623458
1710090416, QUBG, 0.1, GCA, 0, 250, 0.422962
1710090416, QUBG, 0.1, GCA, 0, 251, 0.373069
1710090416, QUBG, 0.1, GCA, 0, 252, 0.263182
1710090416, QUBG, 0.1, GCA, 0, 253, 0
1710090416, QUBG, 0.1, GCA, 0, 254, 0.371178
1710090416, QUBG, 0.1, GCA, 0, 255, 0.42513
1710090416, QUBG, 0.1, GCA, 0, 256, 1
1710090416, QUBG, 0.1, GCA, 0, 257, 0.355265
1710090416, QUBG, 0.1, GCA, 0, 258, 1
1710090416, QUBG, 0.1, GCA, 0, 259, 1
1710090416, QUBG, 0.1, GCA, 0, 260, 1
1710090416, QUBG, 0.1, GCA, 0, 261, 0.384
1710090416, QUBG, 0.1, GCA, 0, 262, 0
1710090416, QUBG, 0.1, GCA, 0, 263, 1
1710090416, QUBG, 0.1, GCA, 0, 264, 0.6281
1710090416, QUBG, 0.1, GCA, 0, 265, 1
1710090416, QUBG, 0.1, GCA, 0, 266, 0.337764
1710090416, QUBG, 0.1, GCA, 0, 267, 0.440623
1710090416, QUBG, 0.1, GCA, 0, 268, 0.494079
1710090416, QUBG, 0.1, GCA, 0, 269, 0.472362
1710090416, QUBG, 0.1, GCA, 0, 270, 0.300578
1710090416, QUBG, 0.1, GCA, 0, 271, 1
1710090416, QUBG, 0.1, GCA, 0, 272, 0.543826
1710090416, QUBG, 0.1, GCA, 0, 273, 0.678497
1710090416, QUBG, 0.1, GCA, 0, 274, 0.376387
1710090416, QUBG, 0.1, GCA, 0, 275, 0
1710090416, QUBG, 0.1, GCA, 0, 276, 0.325302
1710090416, QUBG, 0.1, GCA, 0, 277, 1
1710090416, QUBG, 0.1, GCA, 0, 278, 1
1710090416, QUBG, 0.1, GCA, 0, 279, 1
1710090416, QUBG, 0.1, GCA, 0, 280, 0.314347
1710090416, QUBG, 0.1, GCA, 0, 281, 1
1710090416, QUBG, 0.1, GCA, 0, 282, 1
1710090416, QUBG, 0.1, GCA, 0, 283, 0.296812
1710090416, QUBG, 0.1, GCA, 0, 284, 0.456174
1710090416, QUBG, 0.1, GCA, 0, 285, 1
1710090416, QUBG, 0.1, GCA, 0, 286, 0.609293
1710090416, QUBG, 0.1, GCA, 0, 287, 1
1710090416, QUBG, 0.1, GCA, 0, 288, 1
1710090416, QUBG, 0.1, GCA, 0, 289, 0.471835
1710090416, QUBG, 0.1, GCA, 0, 290, 1
1710090416, QUBG, 0.1, GCA, 0, 291, 0.504047
1710090416, QUBG, 0.1, GCA, 0, 292, 0.681948
1710090416, QUBG, 0.1, GCA, 0, 293, 1
1710090416, QUBG, 0.1, GCA, 0, 294, 1
1710090416, QUBG, 0.1, GCA, 0, 295, 0
1710090416, QUBG, 0.1, GCA, 0, 296, 0.579696
1710090416, QUBG, 0.1, GCA, 0, 297, 1
1710090416, QUBG, 0.1, GCA, 0, 298, 1
1710090416, QUBG, 0.1, GCA, 0, 299, 0.384675
1710090416, QUBG, 0.1, GCA, 0, 300, 1
1710090416, QUBG, 0.1, GCA, 0, 301, 1
1710090416, QUBG, 0.1, GCA, 0, 302, 0
1710090416, QUBG, 0.1, GCA, 0, 303, 0.265661
1710090416, QUBG, 0.1, GCA, 0, 304, 1
1710090416, QUBG, 0.1, GCA, 0, 305, 0
1710090416, QUBG, 0.1, GCA, 0, 306, 1
1710090416, QUBG, 0.1, GCA, 0, 307, 0.440665
1710090416, QUBG, 0.1, GCA, 0, 308, 0.421284
1710090416, QUBG, 0.1, GCA, 0, 309, 0.329872
1710090416, QUBG, 0.1, GCA, 0, 310, 1
1710090416, QUBG, 0.1, GCA, 0, 311, 1
1710090416, QUBG, 0.1, GCA, 0, 312, 1
1710090416, QUBG, 0.1, GCA, 0, 313, 1
1710090416, QUBG, 0.1, GCA, 0, 314, 1
1710090416, QUBG, 0.1, GCA, 0, 315, 0.257347
1710090416, QUBG, 0.1, GCA, 0, 316, 0.634385
1710090416, QUBG, 0.1, GCA, 0, 317, 1
1710090416, QUBG, 0.1, GCA, 0, 318, 1
1710090416, QUBG, 0.1, GCA, 0, 319, 1
1710090416, QUBG, 0.1, GCA, 0, 320, 0.151965
1710090416, QUBG, 0.1, GCA, 0, 321, 0.674698
1710090416, QUBG, 0.1, GCA, 0, 322, 0
1710090416, QUBG, 0.1, GCA, 0, 323, 0.763827
1710090416, QUBG, 0.1, GCA, 0, 324, 0.437926
1710090416, QUBG, 0.1, GCA, 0, 325, 0.362902
1710090416, QUBG, 0.1, GCA, 0, 326, 1
1710090416, QUBG, 0.1, GCA, 0, 327, 0
1710090416, QUBG, 0.1, GCA, 0, 328, 1
1710090416, QUBG, 0.1, GCA, 0, 329, 0.471615
1710090416, QUBG, 0.1, GCA, 0, 330, 0.453263
1710090416, QUBG, 0.1, GCA, 0, 331, 1
1710090416, QUBG, 0.1, GCA, 0, 332, 0.501769
1710090416, QUBG, 0.1, GCA, 0, 333, 1
1710090416, QUBG, 0.1, GCA, 0, 334, 1
1710090416, QUBG, 0.1, GCA, 0, 335, 0.882164
1710090416, QUBG, 0.1, GCA, 0, 336, 0.461101
1710090416, QUBG, 0.1, GCA, 0, 337, 0.532416
1710090416, QUBG, 0.1, GCA, 0, 338, 1
1710090416, QUBG, 0.1, GCA, 0, 339, 0.609922
1710090416, QUBG, 0.1, GCA, 0, 340, 0.543583
1710090416, QUBG, 0.1, GCA, 0, 341, 0.536122
1710090416, QUBG, 0.1, GCA, 0, 342, 0.200547
1710090416, QUBG, 0.1, GCA, 0, 343, 1
1710090416, QUBG, 0.1, GCA, 0, 344, 0.293229
1710090416, QUBG, 0.1, GCA, 0, 345, 0.42008
1710090416, QUBG, 0.1, GCA, 0, 346, 0
1710090416, QUBG, 0.1, GCA, 0, 347, 1
1710090416, QUBG, 0.1, GCA, 0, 348, 0
1710090416, QUBG, 0.1, GCA, 0, 349, 0.316512
1710090416, QUBG, 0.1, GCA, 0, 350, 1
1710090416, QUBG, 0.1, GCA, 0, 351, 1
1710090416, QUBG, 0.1, GCA, 0, 352, 0.3001
1710090416, QUBG, 0.1, GCA, 0, 353, 1
1710090416, QUBG, 0.1, GCA, 0, 354, 0.289894
1710090416, QUBG, 0.1, GCA, 0, 355, 1
1710090416, QUBG, 0.1, GCA, 0, 356, 0.604309
1710090416, QUBG, 0.1, GCA, 0, 357, 0.513102
1710090416, QUBG, 0.1, GCA, 0, 358, 1
1710090416, QUBG, 0.1, GCA, 0, 359, 0.160925
1710090416, QUBG, 0.1, GCA, 0, 360, 0.469339
1710090416, QUBG, 0.1, GCA, 0, 361, 0.397997
1710090416, QUBG, 0.1, GCA, 0, 362, 1
1710090416, QUBG, 0.1, GCA, 0, 363, 0
1710090416, QUBG, 0.1, GCA, 0, 364, 0.663715
1710090416, QUBG, 0.1, GCA, 0, 365, 0.488277
1710090416, QUBG, 0.1, GCA, 0, 366, 0.326169
1710090416, QUBG, 0.1, GCA, 0, 367, 1
1710090416, QUBG, 0.1, GCA, 0, 368, 1
1710090416, QUBG, 0.1, GCA, 0, 369, 0.634439
1710090416, QUBG, 0.1, GCA, 0, 370, 1
1710090416, QUBG, 0.1, GCA, 0, 371, 0.326873
1710090416, QUBG, 0.1, GCA, 0, 372, 1
1710090416, QUBG, 0.1, GCA, 0, 373, 1
1710090416, QUBG, 0.1, GCA, 0, 374, 0.36145
1710090416, QUBG, 0.1, GCA, 0, 375, 0.456417
1710090416, QUBG, 0.1, GCA, 0, 376, 0.77617
1710090416, QUBG, 0.1, GCA, 0, 377, 1
1710090416, QUBG, 0.1, GCA, 0, 378, 0.442098
1710090416, QUBG, 0.1, GCA, 0, 379, 0.371736
1710090416, QUBG, 0.1, GCA, 0, 380, 0.729267
1710090416, QUBG, 0.1, GCA, 0, 381, 1
1710090416, QUBG, 0.1, GCA, 0, 382, 0
1710090416, QUBG, 0.1, GCA, 0, 383, 0.527638
1710090416, QUBG, 0.1, GCA, 0, 384, 1
1710090416, QUBG, 0.1, GCA, 0, 385, 1
1710090416, QUBG, 0.1, GCA, 0, 386, 0.496458
1710090416, QUBG, 0.1, GCA, 0, 387, 1
1710090416, QUBG, 0.1, GCA, 0, 388, 0.338279
1710090416, QUBG, 0.1, GCA, 0, 389, 1
1710090416, QUBG, 0.1, GCA, 0, 390, 0.680312
1710090416, QUBG, 0.1, GCA, 0, 391, 0
1710090416, QUBG, 0.1, GCA, 0, 392, 0
1710090416, QUBG, 0.1, GCA, 0, 393, 0.463013
1710090416, QUBG, 0.1, GCA, 0, 394, 1
1710090416, QUBG, 0.1, GCA, 0, 395, 0.637972
1710090416, QUBG, 0.1, GCA, 0, 396, 1
1710090416, QUBG, 0.1, GCA, 0, 397, 0.534813
1710090416, QUBG, 0.1, GCA, 0, 398, 0.476128
1710090416, QUBG, 0.1, GCA, 0, 399, 0.31874
1710090416, QUBG, 0.1, GCA, 0, 400, 0.0296909
1710090416, QUBG, 0.1, GCA, 0, 401, 0.536506
1710090416, QUBG, 0.1, GCA, 0, 402, 1
1710090416, QUBG, 0.1, GCA, 0, 403, 0
1710090416, QUBG, 0.1, GCA, 0, 404, 0
1710090416, QUBG, 0.1, GCA, 0, 405, 0.295519
1710090416, QUBG, 0.1, GCA, 0, 406, 1
1710090416, QUBG, 0.1, GCA, 0, 407, 0.578484
1710090416, QUBG, 0.1, GCA, 0, 408, 0.328749
1710090416, QUBG, 0.1, GCA, 0, 409, 0.566495
1710090416, QUBG, 0.1, GCA, 0, 410, 0
1710090416, QUBG, 0.1, GCA, 0, 411, 0.52419
1710090416, QUBG, 0.1, GCA, 0, 412, 1
1710090416, QUBG, 0.1, GCA, 0, 413, 0.340272
1710090416, QUBG, 0.1, GCA, 0, 414, 0.22383
1710090416, QUBG, 0.1, GCA, 0, 415, 0
1710090416, QUBG, 0.1, GCA, 0, 416, 0.376542
1710090416, QUBG, 0.1, GCA, 0, 417, 0
1710090416, QUBG, 0.1, GCA, 0, 418, 0.551632
1710090416, QUBG, 0.1, GCA, 0, 419, 0.790576
1710090416, QUBG, 0.1, GCA, 0, 420, 1
1710090416, QUBG, 0.1, GCA, 0, 421, 0.548435
1710090416, QUBG, 0.1, GCA, 0, 422, 0.535191
1710090416, QUBG, 0.1, GCA, 0, 423, 0.359484
1710090416, QUBG, 0.1, GCA, 0, 424, 0.492755
1710090416, QUBG, 0.1, GCA, 0, 425, 0.13422
1710090416, QUBG, 0.1, GCA, 0, 426, 1
1710090416, QUBG, 0.1, GCA, 0, 427, 1
1710090416, QUBG, 0.1, GCA, 0, 428, 0
1710090416, QUBG, 0.1, GCA, 0, 429, 0
1710090416, QUBG, 0.1, GCA, 0, 430, 0
1710090416, QUBG, 0.1, GCA, 0, 431, 0.766621
1710090416, QUBG, 0.1, GCA, 0, 432, 1
1710090416, QUBG, 0.1, GCA, 0, 433, 0
1710090416, QUBG, 0.1, GCA, 0, 434, 0.467584
1710090416, QUBG, 0.1, GCA, 0, 435, 1
1710090416, QUBG, 0.1, GCA, 0, 436, 0.395691
1710090416, QUBG, 0.1, GCA, 0, 437, 0.57992
1710090416, QUBG, 0.1, GCA, 0, 438, 0.659728
1710090416, QUBG, 0.1, GCA, 0, 439, 1
1710090416, QUBG, 0.1, GCA, 0, 440, 1
1710090416, QUBG, 0.1, GCA, 0, 441, 1
1710090416, QUBG, 0.1, GCA, 0, 442, 1
1710090416, QUBG, 0.1, GCA, 0, 443, 0.699712
1710090416, QUBG, 0.1, GCA, 0, 444, 0.507527
1710090416, QUBG, 0.1, GCA, 0, 445, 1
1710090416, QUBG, 0.1, GCA, 0, 446, 1
1710090416, QUBG, 0.1, GCA, 0, 447, 0.426946
1710090416, QUBG, 0.1, GCA, 0, 448, 1
1710090416, QUBG, 0.1, GCA, 0, 449, 0.526963
1710090416, QUBG, 0.1, GCA, 0, 450, 0.473372
1710090416, QUBG, 0.1, GCA, 0, 451, 1
1710090416, QUBG, 0.1, GCA, 0, 452, 0.620747
1710090416, QUBG, 0.1, GCA, 0, 453, 1
1710090416, QUBG, 0.1, GCA, 0, 454, 1
1710090416, QUBG, 0.1, GCA, 0, 455, 1
1710090416, QUBG, 0.1, GCA, 0, 456, 0.114529
1710090416, QUBG, 0.1, GCA, 0, 457, 0.950422
1710090416, QUBG, 0.1, GCA, 0, 458, 1
1710090416, QUBG, 0.1, GCA, 0, 459, 1
1710090416, QUBG, 0.1, GCA, 0, 460, 0.330987
1710090416, QUBG, 0.1, GCA, 0, 461, 0.248834
1710090416, QUBG, 0.1, GCA, 0, 462, 1
1710090416, QUBG, 0.1, GCA, 0, 463, 1
1710090416, QUBG, 0.1, GCA, 0, 464, 1
1710090416, QUBG, 0.1, GCA, 0, 465, 1
1710090416, QUBG, 0.1, GCA, 0, 466, 1
1710090416, QUBG, 0.1, GCA, 0, 467, 0
1710090416, QUBG, 0.1, GCA, 0, 468, 1
1710090416, QUBG, 0.1, GCA, 0, 469, 0.945817
1710090416, QUBG, 0.1, GCA, 0, 470, 0.526987
1710090416, QUBG, 0.1, GCA, 0, 471, 1
1710090416, QUBG, 0.1, GCA, 0, 472, 1
1710090416, QUBG, 0.1, GCA, 0, 473, 1
1710090416, QUBG, 0.1, GCA, 0, 474, 1
1710090416, QUBG, 0.1, GCA, 0, 475, 0.452143
1710090416, QUBG, 0.1, GCA, 0, 476, 0
1710090416, QUBG, 0.1, GCA, 0, 477, 0.424445
1710090416, QUBG, 0.1, GCA, 0, 478, 0
1710090416, QUBG, 0.1, GCA, 0, 479, 1
1710090416, QUBG, 0.1, GCA, 0, 480, 0.157652
1710090416, QUBG, 0.1, GCA, 0, 481, 1
1710090416, QUBG, 0.1, GCA, 0, 482, 1
1710090416, QUBG, 0.1, GCA, 0, 483, 1
1710090416, QUBG, 0.1, GCA, 0, 484, 1
1710090416, QUBG, 0.1, GCA, 0, 485, 1
1710090416, QUBG, 0.1, GCA, 0, 486, 0.509917
1710090416, QUBG, 0.1, GCA, 0, 487, 0.505982
1710090416, QUBG, 0.1, GCA, 0, 488, 0
1710090416, QUBG, 0.1, GCA, 0, 489, 0.602003
1710090416, QUBG, 0.1, GCA, 0, 490, 1
1710090416, QUBG, 0.1, GCA, 0, 491, 0.442836
1710090416, QUBG, 0.1, GCA, 0, 492, 0.684323
1710090416, QUBG, 0.1, GCA, 0, 493, 0
1710090416, QUBG, 0.1, GCA, 0, 494, 0.799453
1710090416, QUBG, 0.1, GCA, 0, 495, 0.481532
1710090416, QUBG, 0.1, GCA, 0, 496, 0.816784
1710090416, QUBG, 0.1, GCA, 0, 497, 1
1710090416, QUBG, 0.1, GCA, 0, 498, 0.530889
1710090416, QUBG, 0.1, GCA, 0, 499, 1
1710090416, QUBG, 0.1, GCA, 0, 500, 0.360011
1710090416, QUBG, 0.1, GCA, 0, 501, 1
1710090416, QUBG, 0.1, GCA, 0, 502, 0.277703
1710090416, QUBG, 0.1, GCA, 0, 503, 0.285286
1710090416, QUBG, 0.1, GCA, 0, 504, 1
1710090416, QUBG, 0.1, GCA, 0, 505, 0.438243
1710090416, QUBG, 0.1, GCA, 0, 506, 0.321766
1710090416, QUBG, 0.1, GCA, 0, 507, 1
1710090416, QUBG, 0.1, GCA, 0, 508, 0
1710090416, QUBG, 0.1, GCA, 0, 509, 1
1710090416, QUBG, 0.1, GCA, 0, 510, 1
1710090416, QUBG, 0.1, GCA, 0, 511, 0
1710090416, QUBG, 0.1, GCA, 0, 512, 1
1710090416, QUBG, 0.1, GCA, 0, 513, 0.377407
1710090416, QUBG, 0.1, GCA, 0, 514, 0.365615
1710090416, QUBG, 0.1, GCA, 0, 515, 1
1710090416, QUBG, 0.1, GCA, 0, 516, 0.451565
1710090416, QUBG, 0.1, GCA, 0, 517, 0.363166
1710090416, QUBG, 0.1, GCA, 0, 518, 0.37193
1710090416, QUBG, 0.1, GCA, 0, 519, 0.476826
1710090416, QUBG, 0.1, GCA, 0, 520, 1
1710090416, QUBG, 0.1, GCA, 0, 521, 1
1710090416, QUBG, 0.1, GCA, 0, 522, 0
1710090416, QUBG, 0.1, GCA, 0, 523, 0.402661
1710090416, QUBG, 0.1, GCA, 0, 524, 0.984544
1710090416, QUBG, 0.1, GCA, 0, 525, 1
1710090416, QUBG, 0.1, GCA, 0, 526, 0.764039
1710090416, QUBG, 0.1, GCA, 0, 527, 0.361903
1710090416, QUBG, 0.1, GCA, 0, 528, 0.464757
1710090416, QUBG, 0.1, GCA, 0, 529, 0.495953
1710090416, QUBG, 0.1, GCA, 0, 530, 0.52203
1710090416, QUBG, 0.1, GCA, 0, 531, 1
1710090416, QUBG, 0.1, GCA, 0, 532, 0.27659
1710090416, QUBG, 0.1, GCA, 0, 533, 0.462067
1710090416, QUBG, 0.1, GCA, 0, 534, 0.493875
1710090416, QUBG, 0.1, GCA, 0, 535, 0.495918
1710090416, QUBG, 0.1, GCA, 0, 536, 1
1710090416, QUBG, 0.1, GCA, 0, 537, 0.581783
1710090416, QUBG, 0.1, GCA, 0, 538, 0.557889
1710090416, QUBG, 0.1, GCA, 0, 539, 0
1710090416, QUBG, 0.1, GCA, 0, 540, 0.690295
1710090416, QUBG, 0.1, GCA, 0, 541, 0.28871
1710090416, QUBG, 0.1, GCA, 0, 542, 0.325254
1710090416, QUBG, 0.1, GCA, 0, 543, 0.432123
1710090416, QUBG, 0.1, GCA, 0, 544, 1
1710090416, QUBG, 0.1, GCA, 0, 545, 0.126456
1710090416, QUBG, 0.1, GCA, 0, 546, 0.526394
1710090416, QUBG, 0.1, GCA, 0, 547, 0.246805
1710090416, QUBG, 0.1, GCA, 0, 548, 1
1710090416, QUBG, 0.1, GCA, 0, 549, 1
1710090416, QUBG, 0.1, GCA, 0, 550, 1
1710090416, QUBG, 0.1, GCA, 0, 551, 0.296263
1710090416, QUBG, 0.1, GCA, 0, 552, 0.367267
1710090416, QUBG, 0.1, GCA, 0, 553, 1
1710090416, QUBG, 0.1, GCA, 0, 554, 0.779987
1710090416, QUBG, 0.1, GCA, 0, 555, 0.467167
1710090416, QUBG, 0.1, GCA, 0, 556, 1
1710090416, QUBG, 0.1, GCA, 0, 557, 1
1710090416, QUBG, 0.1, GCA, 0, 558, 0.518468
1710090416, QUBG, 0.1, GCA, 0, 559, 0.209974
1710090416, QUBG, 0.1, GCA, 0, 560, 1
1710090416, QUBG, 0.1, GCA, 0, 561, 0.389956
1710090416, QUBG, 0.1, GCA, 0, 562, 1
1710090416, QUBG, 0.1, GCA, 0, 563, 0.498411
1710090416, QUBG, 0.1, GCA, 0, 564, 0.682183
1710090416, QUBG, 0.1, GCA, 0, 565, 0.404126
1710090416, QUBG, 0.1, GCA, 0, 566, 1
1710090416, QUBG, 0.1, GCA, 0, 567, 0
1710090416, QUBG, 0.1, GCA, 0, 568, 0.594763
1710090416, QUBG, 0.1, GCA, 0, 569, 0.161433
1710090416, QUBG, 0.1, GCA, 0, 570, 0.178622
1710090416, QUBG, 0.1, GCA, 0, 571, 1
1710090416, QUBG, 0.1, GCA, 0, 572, 0.578716
1710090416, QUBG, 0.1, GCA, 0, 573, 0
1710090416, QUBG, 0.1, GCA, 0, 574, 1
1710090416, QUBG, 0.1, GCA, 0, 575, 0.746355
1710090416, QUBG, 0.1, GCA, 0, 576, 0.151964
1710090416, QUBG, 0.1, GCA, 0, 577, 0.418565
1710090416, QUBG, 0.1, GCA, 0, 578, 0.461884
1710090416, QUBG, 0.1, GCA, 0, 579, 0.525998
1710090416, QUBG, 0.1, GCA, 0, 580, 0
1710090416, QUBG, 0.1, GCA, 0, 581, 1
1710090416, QUBG, 0.1, GCA, 0, 582, 0.523174
1710090416, QUBG, 0.1, GCA, 0, 583, 0.183216
1710090416, QUBG, 0.1, GCA, 0, 584, 0.492719
1710090416, QUBG, 0.1, GCA, 0, 585, 0.28692
1710090416, QUBG, 0.1, GCA, 0, 586, 0.312992
1710090416, QUBG, 0.1, GCA, 0, 587, 0.487683
1710090416, QUBG, 0.1, GCA, 0, 588, 0.23361
1710090416, QUBG, 0.1, GCA, 0, 589, 1
1710090416, QUBG, 0.1, GCA, 0, 590, 0.593922
1710090416, QUBG, 0.1, GCA, 0, 591, 0.2145
1710090416, QUBG, 0.1, GCA, 0, 592, 1
1710090416, QUBG, 0.1, GCA, 0, 593, 0.488024
1710090416, QUBG, 0.1, GCA, 0, 594, 1
1710090416, QUBG, 0.1, GCA, 0, 595, 0.561757
1710090416, QUBG, 0.1, GCA, 0, 596, 0.714279
1710090416, QUBG, 0.1, GCA, 0, 597, 0.572028
1710090416, QUBG, 0.1, GCA, 0, 598, 0.442111
1710090416, QUBG, 0.1, GCA, 0, 599, 0.274922
1710090416, QUBG, 0.1, GCA, 0, 600, 1
1710090416, QUBG, 0.1, GCA, 0, 601, 1
1710090416, QUBG, 0.1, GCA, 0, 602, 0.482304
1710090416, QUBG, 0.1, GCA, 0, 603, 0.469111
1710090416, QUBG, 0.1, GCA, 0, 604, 1
1710090416, QUBG, 0.1, GCA, 0, 605, 0.465187
1710090416, QUBG, 0.1, GCA, 0, 606, 0.469617
1710090416, QUBG, 0.1, GCA, 0, 607, 0.510665
1710090416, QUBG, 0.1, GCA, 0, 608, 1
1710090416, QUBG, 0.1, GCA, 0, 609, 0.827627
1710090416, QUBG, 0.1, GCA, 0, 610, 0.28224
1710090416, QUBG, 0.1, GCA, 0, 611, 0.242981
1710090416, QUBG, 0.1, GCA, 0, 612, 0.526628
1710090416, QUBG, 0.1, GCA, 0, 613, 1
1710090416, QUBG, 0.1, GCA, 0, 614, 0.495211
1710090416, QUBG, 0.1, GCA, 0, 615, 0.528385
1710090416, QUBG, 0.1, GCA, 0, 616, 1
1710090416, QUBG, 0.1, GCA, 0, 617, 0.386266
1710090416, QUBG, 0.1, GCA, 0, 618, 1
1710090416, QUBG, 0.1, GCA, 0, 619, 0.580909
1710090416, QUBG, 0.1, GCA, 0, 620, 0.485342
1710090416, QUBG, 0.1, GCA, 0, 621, 1
1710090416, QUBG, 0.1, GCA, 0, 622, 1
1710090416, QUBG, 0.1, GCA, 0, 623, 0.557164
1710090416, QUBG, 0.1, GCA, 0, 624, 0.247041
1710090416, QUBG, 0.1, GCA, 0, 625, 0
1710090416, QUBG, 0.1, GCA, 0, 626, 0.595746
1710090416, QUBG, 0.1, GCA, 0, 627, 0.530383
1710090416, QUBG, 0.1, GCA, 0, 628, 0
1710090416, QUBG, 0.1, GCA, 0, 629, 0.270513
1710090416, QUBG, 0.1, GCA, 0, 630, 1
1710090416, QUBG, 0.1, GCA, 0, 631, 1
1710090416, QUBG, 0.1, GCA, 0, 632, 0.537337
1710090416, QUBG, 0.1, GCA, 0, 633, 0.336285
1710090416, QUBG, 0.1, GCA, 0, 634, 0.481316
1710090416, QUBG, 0.1, GCA, 0, 635, 0.362028
1710090416, QUBG, 0.1, GCA, 0, 636, 1
1710090416, QUBG, 0.1, GCA, 0, 637, 0
1710090416, QUBG, 0.1, GCA, 0, 638, 1
1710090416, QUBG, 0.1, GCA, 0, 639, 0.387314
1710090416, QUBG, 0.1, GCA, 0, 640, 1
1710090416, QUBG, 0.1, GCA, 0, 641, 0.390078
1710090416, QUBG, 0.1, GCA, 0, 642, 0.675557
1710090416, QUBG, 0.1, GCA, 0, 643, 0.220013
1710090416, QUBG, 0.1, GCA, 0, 644, 0.290258
1710090416, QUBG, 0.1, GCA, 0, 645, 0.297546
1710090416, QUBG, 0.1, GCA, 0, 646, 1
1710090416, QUBG, 0.1, GCA, 0, 647, 0.331338
1710090416, QUBG, 0.1, GCA, 0, 648, 1
1710090416, QUBG, 0.1, GCA, 0, 649, 0.252362
1710090416, QUBG, 0.1, GCA, 0, 650, 0.473013
1710090416, QUBG, 0.1, GCA, 0, 651, 0.332142
1710090416, QUBG, 0.1, GCA, 0, 652, 0.464205
1710090416, QUBG, 0.1, GCA, 0, 653, 1
1710090416, QUBG, 0.1, GCA, 0, 654, 1
1710090416, QUBG, 0.1, GCA, 0, 655, 1
1710090416, QUBG, 0.1, GCA, 0, 656, 0.444623
1710090416, QUBG, 0.1, GCA, 0, 657, 0.0400816
1710090416, QUBG, 0.1, GCA, 0, 658, 1
1710090416, QUBG, 0.1, GCA, 0, 659, 0.49678
1710090416, QUBG, 0.1, GCA, 0, 660, 0.518684
1710090416, QUBG, 0.1, GCA, 0, 661, 0.383716
1710090416, QUBG, 0.1, GCA, 0, 662, 1
1710090416, QUBG, 0.1, GCA, 0, 663, 1
1710090416, QUBG, 0.1, GCA, 0, 664, 0
1710090416, QUBG, 0.1, GCA, 0, 665, 1
1710090416, QUBG, 0.1, GCA, 0, 666, 0
1710090416, QUBG, 0.1, GCA, 0, 667, 0.613734
1710090416, QUBG, 0.1, GCA, 0, 668, 1
1710090416, QUBG, 0.1, GCA, 0, 669, 0.379253
1710090416, QUBG, 0.1, GCA, 0, 670, 0.298198
1710090416, QUBG, 0.1, GCA, 0, 671, 0.229318
1710090416, QUBG, 0.1, GCA, 0, 672, 0.528165
1710090416, QUBG, 0.1, GCA, 0, 673, 0.236173
1710090416, QUBG, 0.1, GCA, 0, 674, 0.270733
1710090416, QUBG, 0.1, GCA, 0, 675, 0.4247
1710090416, QUBG, 0.1, GCA, 0, 676, 0.418217
1710090416, QUBG, 0.1, GCA, 0, 677, 0.489907
1710090416, QUBG, 0.1, GCA, 0, 678, 1
1710090416, QUBG, 0.1, GCA, 0, 679, 1
1710090416, QUBG, 0.1, GCA, 0, 680, 0.235961
1710090416, QUBG, 0.1, GCA, 0, 681, 0
1710090416, QUBG, 0.1, GCA, 0, 682, 1
1710090416, QUBG, 0.1, GCA, 0, 683, 1
1710090416, QUBG, 0.1, GCA, 0, 684, 0.525091
1710090416, QUBG, 0.1, GCA, 0, 685, 0.492473
1710090416, QUBG, 0.1, GCA, 0, 686, 1
1710090416, QUBG, 0.1, GCA, 0, 687, 0
1710090416, QUBG, 0.1, GCA, 0, 688, 1
1710090416, QUBG, 0.1, GCA, 0, 689, 1
1710090416, QUBG, 0.1, GCA, 0, 690, 1
1710090416, QUBG, 0.1, GCA, 0, 691, 1
1710090416, QUBG, 0.1, GCA, 0, 692, 1
1710090416, QUBG, 0.1, GCA, 0, 693, 0.995392
1710090416, QUBG, 0.1, GCA, 0, 694, 0.151307
1710090416, QUBG, 0.1, GCA, 0, 695, 1
1710090416, QUBG, 0.1, GCA, 0, 696, 0.457332
1710090416, QUBG, 0.1, GCA, 0, 697, 0.714657
1710090416, QUBG, 0.1, GCA, 0, 698, 1
1710090416, QUBG, 0.1, GCA, 0, 699, 0.557902
1710090416, QUBG, 0.1, GCA, 0, 700, 1
1710090416, QUBG, 0.1, GCA, 0, 701, 0.504241
1710090416, QUBG, 0.1, GCA, 0, 702, 0.862113
1710090416, QUBG, 0.1, GCA, 0, 703, 1
1710090416, QUBG, 0.1, GCA, 0, 704, 0
1710090416, QUBG, 0.1, GCA, 0, 705, 0.137887
1710090416, QUBG, 0.1, GCA, 0, 706, 0.71776
1710090416, QUBG, 0.1, GCA, 0, 707, 1
1710090416, QUBG, 0.1, GCA, 0, 708, 0.402618
1710090416, QUBG, 0.1, GCA, 0, 709, 1
1710090416, QUBG, 0.1, GCA, 0, 710, 0
1710090416, QUBG, 0.1, GCA, 0, 711, 0.240911
1710090416, QUBG, 0.1, GCA, 0, 712, 1
1710090416, QUBG, 0.1, GCA, 0, 713, 0
1710090416, QUBG, 0.1, GCA, 0, 714, 0.373139
1710090416, QUBG, 0.1, GCA, 0, 715, 0.68126
1710090416, QUBG, 0.1, GCA, 0, 716, 1
1710090416, QUBG, 0.1, GCA, 0, 717, 0.6293
1710090416, QUBG, 0.1, GCA, 0, 718, 1
1710090416, QUBG, 0.1, GCA, 0, 719, 1
1710090416, QUBG, 0.1, GCA, 0, 720, 1
1710090416, QUBG, 0.1, GCA, 0, 721, 0
1710090416, QUBG, 0.1, GCA, 0, 722, 0
1710090416, QUBG, 0.1, GCA, 0, 723, 0.479276
1710090416, QUBG, 0.1, GCA, 0, 724, 0.488175
1710090416, QUBG, 0.1, GCA, 0, 725, 1
1710090416, QUBG, 0.1, GCA, 0, 726, 0.37104
1710090416, QUBG, 0.1, GCA, 0, 727, 0
1710090416, QUBG, 0.1, GCA, 0, 728, 0.471503
1710090416, QUBG, 0.1, GCA, 0, 729, 1
1710090416, QUBG, 0.1, GCA, 0, 730, 0
1710090416, QUBG, 0.1, GCA, 0, 731, 1
1710090416, QUBG, 0.1, GCA, 0, 732, 0.172373
1710090416, QUBG, 0.1, GCA, 0, 733, 0.536276
1710090416, QUBG, 0.1, GCA, 0, 734, 1
1710090416, QUBG, 0.1, GCA, 0, 735, 1
1710090416, QUBG, 0.1, GCA, 0, 736, 0.495759
1710090416, QUBG, 0.1, GCA, 0, 737, 0
1710090416, QUBG, 0.1, GCA, 0, 738, 0.324817
1710090416, QUBG, 0.1, GCA, 0, 739, 0.366087
1710090416, QUBG, 0.1, GCA, 0, 740, 1
1710090416, QUBG, 0.1, GCA, 0, 741, 1
1710090416, QUBG, 0.1, GCA, 0, 742, 1
1710090416, QUBG, 0.1, GCA, 0, 743, 0.420304
1710090416, QUBG, 0.1, GCA, 0, 744, 1
1710090416, QUBG, 0.1, GCA, 0, 745, 1
1710090416, QUBG, 0.1, GCA, 0, 746, 0.82476
1710090416, QUBG, 0.1, GCA, 0, 747, 0
1710090416, QUBG, 0.1, GCA, 0, 748, 0.0541832
1710090416, QUBG, 0.1, GCA, 0, 749, 0.149966
1710090416, QUBG, 0.1, GCA, 0, 750, 1
1710090416, QUBG, 0.1, GCA, 0, 751, 1
1710090416, QUBG, 0.1, GCA, 0, 752, 1
1710090416, QUBG, 0.1, GCA, 0, 753, 0.377301
1710090416, QUBG, 0.1, GCA, 0, 754, 0.348776
1710090416, QUBG, 0.1, GCA, 0, 755, 1
1710090416, QUBG, 0.1, GCA, 0, 756, 0.479148
1710090416, QUBG, 0.1, GCA, 0, 757, 1
1710090416, QUBG, 0.1, GCA, 0, 758, 1
1710090416, QUBG, 0.1, GCA, 0, 759, 0.488498
1710090416, QUBG, 0.1, GCA, 0, 760, 0.464241
1710090416, QUBG, 0.1, GCA, 0, 761, 1
1710090416, QUBG, 0.1, GCA, 0, 762, 0.506125
1710090416, QUBG, 0.1, GCA, 0, 763, 0.314207
1710090416, QUBG, 0.1, GCA, 0, 764, 0.770682
1710090416, QUBG, 0.1, GCA, 0, 765, 1
1710090416, QUBG, 0.1, GCA, 0, 766, 0.309705
1710090416, QUBG, 0.1, GCA, 0, 767, 0.826136
1710090416, QUBG, 0.1, GCA, 0, 768, 1
1710090416, QUBG, 0.1, GCA, 0, 769, 0
1710090416, QUBG, 0.1, GCA, 0, 770, 0.314754
1710090416, QUBG, 0.1, GCA, 0, 771, 1
1710090416, QUBG, 0.1, GCA, 0, 772, 1
1710090416, QUBG, 0.1, GCA, 0, 773, 1
1710090416, QUBG, 0.1, GCA, 0, 774, 0.436603
1710090416, QUBG, 0.1, GCA, 0, 775, 0.555377
1710090416, QUBG, 0.1, GCA, 0, 776, 0.257439
1710090416, QUBG, 0.1, GCA, 0, 777, 0.647467
1710090416, QUBG, 0.1, GCA, 0, 778, 0.307303
1710090416, QUBG, 0.1, GCA, 0, 779, 0.515424
1710090416, QUBG, 0.1, GCA, 0, 780, 1
1710090416, QUBG, 0.1, GCA, 0, 781, 1
1710090416, QUBG, 0.1, GCA, 0, 782, 0.257658
1710090416, QUBG, 0.1, GCA, 0, 783, 0.490083
1710090416, QUBG, 0.1, GCA, 0, 784, 1
1710090416, QUBG, 0.1, GCA, 0, 785, 0
1710090416, QUBG, 0.1, GCA, 0, 786, 1
1710090416, QUBG, 0.1, GCA, 0, 787, 1
1710090416, QUBG, 0.1, GCA, 0, 788, 0.505921
1710090416, QUBG, 0.1, GCA, 0, 789, 1
1710090416, QUBG, 0.1, GCA, 0, 790, 1
1710090416, QUBG, 0.1, GCA, 0, 791, 0.72341
1710090416, QUBG, 0.1, GCA, 0, 792, 1
1710090416, QUBG, 0.1, GCA, 0, 793, 0.117836
1710090416, QUBG, 0.1, GCA, 0, 794, 0.638097
1710090416, QUBG, 0.1, GCA, 0, 795, 1
1710090416, QUBG, 0.1, GCA, 0, 796, 1
1710090416, QUBG, 0.1, GCA, 0, 797, 1
1710090416, QUBG, 0.1, GCA, 0, 798, 0.569049
1710090416, QUBG, 0.1, GCA, 0, 799, 0
1710090416, QUBG, 0.1, GCA, 0, 800, 1
1710090416, QUBG, 0.1, GCA, 0, 801, 0.17524
1710090416, QUBG, 0.1, GCA, 0, 802, 0
1710090416, QUBG, 0.1, GCA, 0, 803, 1
1710090416, QUBG, 0.1, GCA, 0, 804, 0.637098
1710090416, QUBG, 0.1, GCA, 0, 805, 0.286849
1710090416, QUBG, 0.1, GCA, 0, 806, 0.248343
1710090416, QUBG, 0.1, GCA, 0, 807, 1
1710090416, QUBG, 0.1, GCA, 0, 808, 0.291925
1710090416, QUBG, 0.1, GCA, 0, 809, 0.520852
1710090416, QUBG, 0.1, GCA, 0, 810, 0.448368
1710090416, QUBG, 0.1, GCA, 0, 811, 0
1710090416, QUBG, 0.1, GCA, 0, 812, 1
1710090416, QUBG, 0.1, GCA, 0, 813, 1
1710090416, QUBG, 0.1, GCA, 0, 814, 1
1710090416, QUBG, 0.1, GCA, 0, 815, 0.294586
1710090416, QUBG, 0.1, GCA, 0, 816, 1
1710090416, QUBG, 0.1, GCA, 0, 817, 1
1710090416, QUBG, 0.1, GCA, 0, 818, 0.5753
1710090416, QUBG, 0.1, GCA, 0, 819, 0.536987
1710090416, QUBG, 0.1, GCA, 0, 820, 0.509175
1710090416, QUBG, 0.1, GCA, 0, 821, 0.776718
1710090416, QUBG, 0.1, GCA, 0, 822, 0.538167
1710090416, QUBG, 0.1, GCA, 0, 823, 0.752959
1710090416, QUBG, 0.1, GCA, 0, 824, 0.55578
1710090416, QUBG, 0.1, GCA, 0, 825, 0.321503
1710090416, QUBG, 0.1, GCA, 0, 826, 1
1710090416, QUBG, 0.1, GCA, 0, 827, 0.699422
1710090416, QUBG, 0.1, GCA, 0, 828, 0.487195
1710090416, QUBG, 0.1, GCA, 0, 829, 0
1710090416, QUBG, 0.1, GCA, 0, 830, 0.504168
1710090416, QUBG, 0.1, GCA, 0, 831, 0.504082
1710090416, QUBG, 0.1, GCA, 0, 832, 0.315652
1710090416, QUBG, 0.1, GCA, 0, 833, 1
1710090416, QUBG, 0.1, GCA, 0, 834, 0
1710090416, QUBG, 0.1, GCA, 0, 835, 0.268341
1710090416, QUBG, 0.1, GCA, 0, 836, 0.527944
1710090416, QUBG, 0.1, GCA, 0, 837, 0.294233
1710090416, QUBG, 0.1, GCA, 0, 838, 0.323337
1710090416, QUBG, 0.1, GCA, 0, 839, 0.723671
1710090416, QUBG, 0.1, GCA, 0, 840, 0.273687
1710090416, QUBG, 0.1, GCA, 0, 841, 1
1710090416, QUBG, 0.1, GCA, 0, 842, 0.360227
1710090416, QUBG, 0.1, GCA, 0, 843, 0.472558
1710090416, QUBG, 0.1, GCA, 0, 844, 0.383995
1710090416, QUBG, 0.1, GCA, 0, 845, 0
1710090416, QUBG, 0.1, GCA, 0, 846, 1
1710090416, QUBG, 0.1, GCA, 0, 847, 0.448121
1710090416, QUBG, 0.1, GCA, 0, 848, 0.383197
1710090416, QUBG, 0.1, GCA, 0, 849, 0.873544
1710090416, QUBG, 0.1, GCA, 0, 850, 0.512805
1710090416, QUBG, 0.1, GCA, 0, 851, 1
1710090416, QUBG, 0.1, GCA, 0, 852, 0.481481
1710090416, QUBG, 0.1, GCA, 0, 853, 0.729487
1710090416, QUBG, 0.1, GCA, 0, 854, 0.577038
1710090416, QUBG, 0.1, GCA, 0, 855, 0.769348
1710090416, QUBG, 0.1, GCA, 0, 856, 0.274869
1710090416, QUBG, 0.1, GCA, 0, 857, 1
1710090416, QUBG, 0.1, GCA, 0, 858, 1
1710090416, QUBG, 0.1, GCA, 0, 859, 0.274543
1710090416, QUBG, 0.1, GCA, 0, 860, 0.522705
1710090416, QUBG, 0.1, GCA, 0, 861, 0.417218
1710090416, QUBG, 0.1, GCA, 0, 862, 1
1710090416, QUBG, 0.1, GCA, 0, 863, 0.702454
1710090416, QUBG, 0.1, GCA, 0, 864, 0.512317
1710090416, QUBG, 0.1, GCA, 0, 865, 1
1710090416, QUBG, 0.1, GCA, 0, 866, 0.751657
1710090416, QUBG, 0.1, GCA, 0, 867, 1
1710090416, QUBG, 0.1, GCA, 0, 868, 1
1710090416, QUBG, 0.1, GCA, 0, 869, 0.726805
1710090416, QUBG, 0.1, GCA, 0, 870, 1
1710090416, QUBG, 0.1, GCA, 0, 871, 1
1710090416, QUBG, 0.1, GCA, 0, 872, 1
1710090416, QUBG, 0.1, GCA, 0, 873, 1
1710090416, QUBG, 0.1, GCA, 0, 874, 1
1710090416, QUBG, 0.1, GCA, 0, 875, 0
1710090416, QUBG, 0.1, GCA, 0, 876, 1
1710090416, QUBG, 0.1, GCA, 0, 877, 1
1710090416, QUBG, 0.1, GCA, 0, 878, 0.610375
1710090416, QUBG, 0.1, GCA, 0, 879, 0.290673
1710090416, QUBG, 0.1, GCA, 0, 880, 0.324443
1710090416, QUBG, 0.1, GCA, 0, 881, 0.354417
1710090416, QUBG, 0.1, GCA, 0, 882, 1
1710090416, QUBG, 0.1, GCA, 0, 883, 0.397821
1710090416, QUBG, 0.1, GCA, 0, 884, 0.495832
1710090416, QUBG, 0.1, GCA, 0, 885, 0.674746
1710090416, QUBG, 0.1, GCA, 0, 886, 0.367902
1710090416, QUBG, 0.1, GCA, 0, 887, 1
1710090416, QUBG, 0.1, GCA, 0, 888, 0
1710090416, QUBG, 0.1, GCA, 0, 889, 0.260088
1710090416, QUBG, 0.1, GCA, 0, 890, 1
1710090416, QUBG, 0.1, GCA, 0, 891, 0.212223
1710090416, QUBG, 0.1, GCA, 0, 892, 1
1710090416, QUBG, 0.1, GCA, 0, 893, 0.500176
1710090416, QUBG, 0.1, GCA, 0, 894, 0.230652
1710090416, QUBG, 0.1, GCA, 0, 895, 0
1710090416, QUBG, 0.1, GCA, 0, 896, 0.684414
1710090416, QUBG, 0.1, GCA, 0, 897, 0
1710090416, QUBG, 0.1, GCA, 0, 898, 1
1710090416, QUBG, 0.1, GCA, 0, 899, 0.736818
1710090416, QUBG, 0.1, GCA, 0, 900, 0.389625
1710090416, QUBG, 0.1, GCA, 0, 901, 0.285721
1710090416, QUBG, 0.1, GCA, 0, 902, 0
1710090416, QUBG, 0.1, GCA, 0, 903, 0.3719
1710090416, QUBG, 0.1, GCA, 0, 904, 0
1710090416, QUBG, 0.1, GCA, 0, 905, 1
1710090416, QUBG, 0.1, GCA, 0, 906, 1
1710090416, QUBG, 0.1, GCA, 0, 907, 0.436749
1710090416, QUBG, 0.1, GCA, 0, 908, 0
1710090416, QUBG, 0.1, GCA, 0, 909, 0
1710090416, QUBG, 0.1, GCA, 0, 910, 0.00460836
1710090416, QUBG, 0.1, GCA, 0, 911, 0.520724
1710090416, QUBG, 0.1, GCA, 0, 912, 0.285343
1710090416, QUBG, 0.1, GCA, 0, 913, 1
1710090416, QUBG, 0.1, GCA, 0, 914, 0.184823
1710090416, QUBG, 0.1, GCA, 0, 915, 0.463878
1710090416, QUBG, 0.1, GCA, 0, 916, 0.203454
1710090416, QUBG, 0.1, GCA, 0, 917, 0.404254
1710090416, QUBG, 0.1, GCA, 0, 918, 0
1710090416, QUBG, 0.1, GCA, 0, 919, 0.358845
1710090416, QUBG, 0.1, GCA, 0, 920, 0.0495778
1710090416, QUBG, 0.1, GCA, 0, 921, 0.551879
1710090416, QUBG, 0.1, GCA, 0, 922, 1
1710090416, QUBG, 0.1, GCA, 0, 923, 0
1710090416, QUBG, 0.1, GCA, 0, 924, 0
1710090416, QUBG, 0.1, GCA, 0, 925, 1
1710090416, QUBG, 0.1, GCA, 0, 926, 1
1710090416, QUBG, 0.1, GCA, 0, 927, 0.397265
1710090416, QUBG, 0.1, GCA, 0, 928, 1
1710090416, QUBG, 0.1, GCA, 0, 929, 0.86578
1710090416, QUBG, 0.1, GCA, 0, 930, 0.253645
1710090416, QUBG, 0.1, GCA, 0, 931, 1
1710090416, QUBG, 0.1, GCA, 0, 932, 0.0585871
1710090416, QUBG, 0.1, GCA, 0, 933, 0.463494
1710090416, QUBG, 0.1, GCA, 0, 934, 1
1710090416, QUBG, 0.1, GCA, 0, 935, 0.713069
1710090416, QUBG, 0.1, GCA, 0, 936, 0
1710090416, QUBG, 0.1, GCA, 0, 937, 0.387038
1710090416, QUBG, 0.1, GCA, 0, 938, 0.628822
1710090416, QUBG, 0.1, GCA, 0, 939, 0
1710090416, QUBG, 0.1, GCA, 0, 940, 0.0779115
1710090416, QUBG, 0.1, GCA, 0, 941, 0.352123
1710090416, QUBG, 0.1, GCA, 0, 942, 0.538899
1710090416, QUBG, 0.1, GCA, 0, 943, 0
1710090416, QUBG, 0.1, GCA, 0, 944, 0.463724
1710090416, QUBG, 0.1, GCA, 0, 945, 1
1710090416, QUBG, 0.1, GCA, 0, 946, 1
1710090416, QUBG, 0.1, GCA, 0, 947, 1
1710090416, QUBG, 0.1, GCA, 0, 948, 0.123337
1710090416, QUBG, 0.1, GCA, 0, 949, 1
1710090416, QUBG, 0.1, GCA, 0, 950, 0.486507
1710090416, QUBG, 0.1, GCA, 0, 951, 1
1710090416, QUBG, 0.1, GCA, 0, 952, 0.47581
1710090416, QUBG, 0.1, GCA, 0, 953, 0.427972
1710090416, QUBG, 0.1, GCA, 0, 954, 0.390707
1710090416, QUBG, 0.1, GCA, 0, 955, 0.315677
1710090416, QUBG, 0.1, GCA, 0, 956, 1
1710090416, QUBG, 0.1, GCA, 0, 957, 0.563397
1710090416, QUBG, 0.1, GCA, 0, 958, 1
1710090416, QUBG, 0.1, GCA, 0, 959, 0
1710090416, QUBG, 0.1, GCA, 0, 960, 0.44635
1710090416, QUBG, 0.1, GCA, 0, 961, 1
1710090416, QUBG, 0.1, GCA, 0, 962, 1
1710090416, QUBG, 0.1, GCA, 0, 963, 0.325431
1710090416, QUBG, 0.1, GCA, 0, 964, 1
1710090416, QUBG, 0.1, GCA, 0, 965, 0.567877
1710090416, QUBG, 0.1, GCA, 0, 966, 0.483836
1710090416, QUBG, 0.1, GCA, 0, 967, 0.597382
1710090416, QUBG, 0.1, GCA, 0, 968, 1
1710090416, QUBG, 0.1, GCA, 0, 969, 0.441693
1710090416, QUBG, 0.1, GCA, 0, 970, 1
1710090416, QUBG, 0.1, GCA, 0, 971, 1
1710090416, QUBG, 0.1, GCA, 0, 972, 1
1710090416, QUBG, 0.1, GCA, 0, 973, 0.362264
1710090416, QUBG, 0.1, GCA, 0, 974, 0
1710090416, QUBG, 0.1, GCA, 0, 975, 0
1710090416, QUBG, 0.1, GCA, 0, 976, 0.412667
1710090416, QUBG, 0.1, GCA, 0, 977, 1
1710090416, QUBG, 0.1, GCA, 0, 978, 0
1710090416, QUBG, 0.1, GCA, 0, 979, 0.535759
1710090416, QUBG, 0.1, GCA, 0, 980, 0.289367
1710090416, QUBG, 0.1, GCA, 0, 981, 0.256681
1710090416, QUBG, 0.1, GCA, 0, 982, 0.50322
1710090416, QUBG, 0.1, GCA, 0, 983, 0.300288
1710090416, QUBG, 0.1, GCA, 0, 984, 1
1710090416, QUBG, 0.1, GCA, 0, 985, 0.248682
1710090416, QUBG, 0.1, GCA, 0, 986, 1
1710090416, QUBG, 0.1, GCA, 0, 987, 1
1710090416, QUBG, 0.1, GCA, 0, 988, 0.489335
1710090416, QUBG, 0.1, GCA, 0, 989, 1
1710090416, QUBG, 0.1, GCA, 0, 990, 0.403747
1710090416, QUBG, 0.1, GCA, 0, 991, 1
1710090416, QUBG, 0.1, GCA, 0, 992, 0.266814
1710090416, QUBG, 0.1, GCA, 0, 993, 0.532833
1710090416, QUBG, 0.1, GCA, 0, 994, 0.473606
1710090416, QUBG, 0.1, GCA, 0, 995, 0.597339
1710090416, QUBG, 0.1, GCA, 0, 996, 0.596253
1710090416, QUBG, 0.1, GCA, 0, 997, 0.461833
1710090416, QUBG, 0.1, GCA, 0, 998, 0.468855
1710090416, QUBG, 0.1, GCA, 0, 999, 0.677516
